window_id,source_id,role,priority,startPTS,endPTS,time_base_num,time_base_den,start_seconds,end_seconds,start_decode_index,end_decode_index,status,purpose,limitation
training-attempt-01,C4-W1u8w-yE,training,initial,210210,300300,1,30000,7.007,10.01,210,300,REVIEW_WINDOW_NOT_ACCEPTED_EVENT,Observed run/dribble and post-strike context; inspect onset and stopping rather than infer inputs,Moving camera; plateau/onset/stop not yet measured; reset/fade is not a stop
training-attempt-02,C4-W1u8w-yE,training,initial,375375,465465,1,30000,12.5125,15.5155,375,465,REVIEW_WINDOW_NOT_ACCEPTED_EVENT,Observed run/dribble and post-strike context; inspect onset and stopping rather than infer inputs,Moving camera; plateau/onset/stop not yet measured; reset/fade is not a stop
training-attempt-03,C4-W1u8w-yE,training,initial,555555,660660,1,30000,18.5185,22.022,555,660,REVIEW_WINDOW_NOT_ACCEPTED_EVENT,Observed run/dribble and post-strike context; inspect onset and stopping rather than infer inputs,Moving camera; plateau/onset/stop not yet measured; reset/fade is not a stop
training-attempt-04,C4-W1u8w-yE,training,initial,750750,885885,1,30000,25.025,29.5295,750,885,REVIEW_WINDOW_NOT_ACCEPTED_EVENT,Observed run/dribble and post-strike context; inspect onset and stopping rather than infer inputs,Moving camera; plateau/onset/stop not yet measured; reset/fade is not a stop
training-attempt-05,C4-W1u8w-yE,training,initial,945945,1036035,1,30000,31.5315,34.5345,945,1035,REVIEW_WINDOW_NOT_ACCEPTED_EVENT,Observed run/dribble and post-strike context; inspect onset and stopping rather than infer inputs,Moving camera; plateau/onset/stop not yet measured; reset/fade is not a stop
training-attempt-06,C4-W1u8w-yE,training,backup,1126125,1246245,1,30000,37.5375,41.5415,1125,1245,REVIEW_WINDOW_NOT_ACCEPTED_EVENT,Observed run/dribble and post-strike context; inspect onset and stopping rather than infer inputs,Moving camera; plateau/onset/stop not yet measured; reset/fade is not a stop
training-attempt-07,C4-W1u8w-yE,training,backup,1336335,1456455,1,30000,44.5445,48.5485,1335,1455,REVIEW_WINDOW_NOT_ACCEPTED_EVENT,Observed run/dribble and post-strike context; inspect onset and stopping rather than infer inputs,Moving camera; plateau/onset/stop not yet measured; reset/fade is not a stop
match-development-opening-gameplay,8afTHuMZxbI,match-development,initial,1075456,1382656,1,15360,70.01666666666667,90.01666666666667,4201,5401,SPARSE_RECONNAISSANCE_NOT_ACCEPTED_EVENT,Locate pass/roll/touch or observed turn candidates before requesting dense machine export,"Only half-second JPEG samples; timestamps supplied, pixel-to-frame identity not locally redecoded; no asserted continuity between samples"
match-held-out-opening-gameplay,LFvEnk0mcLI,match-held-out,initial,814336,1382656,1,15360,53.016666666666666,90.01666666666667,3181,5401,SPARSE_RECONNAISSANCE_NOT_ACCEPTED_EVENT,Locate pass/roll/touch or observed turn candidates before requesting dense machine export,"Only half-second JPEG samples; timestamps supplied, pixel-to-frame identity not locally redecoded; no asserted continuity between samples"
